city,state,population_male,population_female,literates_male,literates_female,sex_ratio,child_sex_ratio,male_graduates,female_graduates
Abohar,PUNJAB,76840,68398,58347,44972,890,848,8612,7675
Achalpur,MAHARASHTRA,58256,54037,49347,43086,928,909,5269,3594
Adilabad,ANDHRA PRADESH,59232,58156,46295,37660,982,947,6797,3768
Adityapur,JHARKHAND,91495,82493,71470,54515,902,910,12189,7036
Adoni,ANDHRA PRADESH,82743,83794,56203,45089,1013,968,7871,4031
Agartala,TRIPURA,199616,200072,174524,169109,1002,940,30215,22496
Agra,UTTAR PRADESH,849771,724771,503805,376725,853,772,106082,79731
Ahmedabad,GUJARAT,2935869,2634716,2459823,2004480,897,853,435267,334591
Ahmadnagar,MAHARASHTRA,179755,171150,152819,134649,952,859,29832,21829
Aizawl,MIZORAM,143803,148019,125256,128332,1029,989,14900,11932
Ajmer,RAJASTHAN,278786,263794,230586,192327,946,884,42454,35535
Akbarpur,UTTAR PRADESH,57560,54034,42208,32854,939,937,5811,3934
Akola,MAHARASHTRA,218184,208962,183594,164093,958,899,28812,20903
Alandur,TAMIL NADU,82190,81972,72755,69660,997,975,25463,20508
Alappuzha,KERALA,83888,90276,74454,78815,1076,945,9900,12363
Aligarh,UTTAR PRADESH,463123,409452,303886,230083,884,875,55965,43376
Allahabad,UTTAR PRADESH,601363,515731,493181,384409,858,876,138248,94881
Alwar,RAJASTHAN,166900,148410,138737,104897,889,833,35297,23467
Ambala,HARYANA,103533,92683,85004,70776,895,834,17809,17134
Ambala Sadar,HARYANA,54241,50027,43444,39792,922,841,10689,9929
Ambarnath,MAHARASHTRA,133006,120997,111273,90434,910,906,14444,12152
Ambattur,TAMIL NADU,241181,236953,208748,192505,982,960,52224,44962
Ambikapur,CHHATTISGARH,59673,54902,48950,40640,920,887,12369,8488
Ambur,TAMIL NADU,56052,57804,45439,42870,1031,955,5076,2737
Amravati,MAHARASHTRA,330544,316257,284490,259078,957,910,51456,40540
Amreli,GUJARAT,55166,50814,46721,39254,921,835,6579,4726
Amritsar,PUNJAB,602754,530007,478062,394465,879,824,69241,71118
Amroha,UTTAR PRADESH,102804,94331,60621,48151,918,946,7635,6244
Anand,GUJARAT,102359,94992,88444,77767,928,881,17331,12472
Anantapur,ANDHRA PRADESH,131506,130834,105452,90000,995,904,27392,16308
Anantnag,JAMMU & KASHMIR,56030,52475,39591,31817,937,874,7291,5375
Arrah,BIHAR,139319,121780,107822,81258,874,875,25045,10309
Asansol,WEST BENGAL,293748,270743,236683,194617,922,908,40231,25394
Ashoknagar Kalyangarh,WEST BENGAL,62554,61352,55398,50939,981,947,7093,4899
Aurangabad,BIHAR,53307,48213,42338,33458,904,893,9371,3770
Aurangabad,MAHARASHTRA,610377,560953,497404,411321,919,859,96576,62732
Avadi,TAMIL NADU,175055,169646,145729,130152,969,965,27742,23905
Azamgarh,UTTAR PRADESH,58033,52947,46587,38421,912,860,11691,8220
Badlapur,MAHARASHTRA,91695,83821,78910,67349,914,890,13878,11237
Bagaha,BIHAR,59946,53066,34751,22247,885,946,2756,988
Bagalkot,KARNATAKA,56837,55231,46623,39237,972,915,9038,5052
Bahadurgarh,HARYANA,91736,78690,75714,56394,858,784,13025,9496
Baharampur,WEST BENGAL,100431,94932,86535,77910,945,962,19679,12475
Bahraich,UTTAR PRADESH,98529,87712,66544,56058,890,895,11537,8953
Baidyabati,WEST BENGAL,62550,58531,53217,47373,936,958,10311,6913
Baleshwar Town,ORISSA,60308,57894,50372,44712,960,955,14071,9099
Ballia,UTTAR PRADESH,55706,48565,45467,35497,872,868,10252,5862
Bally,WEST BENGAL,156734,135238,119508,97394,863,1185,22170,13930
Bally City,WEST BENGAL,59951,55764,51534,44131,930,964,7562,4792
Balurghat,WEST BENGAL,75677,75506,66954,63276,998,974,14538,9194
Banda,UTTAR PRADESH,82215,72173,64871,48986,878,893,15215,8800
Bankura,WEST BENGAL,70734,67302,60272,50801,951,956,12321,6761
Bansberia,WEST BENGAL,53807,49992,44671,36843,929,930,5264,3302
Banswara,RAJASTHAN,51240,48888,41404,35034,954,855,7837,6015
Baran,RAJASTHAN,61360,56797,48209,35670,926,893,7362,4191
Baranagar,WEST BENGAL,128432,120034,114347,101502,935,947,28274,21437
Barasat,WEST BENGAL,143732,139711,123692,113189,972,964,27143,18373
Baraut,UTTAR PRADESH,54521,48212,39900,29659,884,832,7191,5481
Barddhaman,WEST BENGAL,160631,154007,138067,122497,959,940,32325,20062
Bareilly,UTTAR PRADESH,477438,420729,316385,247234,881,890,61065,49626
Baripada Town,ORISSA,57008,53050,48388,41033,931,900,10953,6636
Barnala,PUNJAB,62302,54152,46100,36247,869,830,6213,6452
Barrackpur,WEST BENGAL,79507,74968,68159,60300,943,922,17514,12396
Barshi,MAHARASHTRA,60857,57716,49965,41295,948,845,8564,4787
Basirhat,WEST BENGAL,64397,62738,53913,48824,974,947,12083,7954
Basti,UTTAR PRADESH,60126,54525,48473,38592,907,921,12071,8112
Batala,PUNJAB,82459,73941,66101,55037,897,831,8120,8316
Bathinda,PUNJAB,151782,134031,118888,92430,883,865,22471,20957
Beawar,RAJASTHAN,74946,70863,61229,48882,946,880,8257,5510
Begusarai,BIHAR,133931,117205,96459,72702,875,897,16492,8124
Belgaum,KARNATAKA,246407,241885,208546,188190,982,936,37682,26518
Bellary,KARNATAKA,206026,203618,153275,128493,988,957,23011,13844
Bangalore,KARNATAKA,4401299,4024671,3664959,3110983,914,940,908363,682800
Bettiah,BIHAR,70381,62515,52547,42116,888,880,9372,4066
Betul,MADHYA PRADESH,52902,50439,44429,38927,953,907,9918,7207
Bhadrak,ORISSA,55094,52275,41628,35300,949,949,8191,5120
Bhadravati,KARNATAKA,75020,75756,62199,56247,1010,975,7066,5340
Bhadreswar,WEST BENGAL,53318,48016,44493,35756,901,921,5743,3482
Bhagalpur,BIHAR,212005,186133,157049,122420,878,916,33692,15964
Bhalswa Jahangir Pur,NCT OF DELHI,106271,90879,76114,54303,855,884,5164,3184
Bharatpur,RAJASTHAN,134088,118021,105642,75517,880,829,20734,12677
Bharuch,GUJARAT,86887,81842,71671,62125,942,916,8210,5849
Bhatpara,WEST BENGAL,207876,182591,172042,135320,878,925,18147,10908
Bhavnagar,GUJARAT,309447,284321,251860,203382,919,838,30315,21560
Bhilai Nagar,CHHATTISGARH,322254,303443,267487,219755,942,917,43751,37869
Bhilwara,RAJASTHAN,187952,172057,150306,114456,915,893,24856,16932
Bhimavaram,ANDHRA PRADESH,70066,72214,55523,53012,1031,977,11541,6757
Bhind,MADHYA PRADESH,105394,91938,83903,61627,872,838,13748,6722
Bhiwadi,RAJASTHAN,59757,45126,44697,26290,755,859,6331,3804
Bhiwandi,MAHARASHTRA,418478,292851,314906,192816,700,934,14404,10284
Bhiwani,HARYANA,105372,92290,84028,63779,876,809,17068,11055
Bhopal,MADHYA PRADESH,939560,856088,741737,612482,911,917,155418,127395
Bhubaneswar Town,ORISSA,445233,392504,388164,322079,882,902,121563,79225
Bhuj,GUJARAT,77900,69223,64172,50650,889,900,9536,6921
Bhusawal,MAHARASHTRA,96655,91095,81544,70559,942,852,11257,8558
Bid,MAHARASHTRA,75655,70582,61135,51036,933,843,12252,6778
Bidar,KARNATAKA,109435,102509,89472,74309,937,914,16824,9086
Bidhan Nagar,WEST BENGAL,111363,106960,97604,88281,960,967,35756,30107
Biharsharif,BIHAR,154915,141974,110247,79173,916,918,20487,7605
Bijapur,KARNATAKA,165122,161238,128615,111016,976,911,24355,12910
Bikaner,RAJASTHAN,340894,306910,259367,192296,900,901,44965,28404
Bilaspur,CHHATTISGARH,169738,160368,141169,119485,945,902,38607,28789
Bokaro Steel City,JHARKHAND,220088,193846,179188,130939,881,874,39496,21538
Bongaon,WEST BENGAL,56416,54252,48799,43454,962,927,6684,3602
Botad,GUJARAT,67778,62524,53275,41288,922,874,2997,1581
Brahmapur Town,ORISSA,185584,170239,159550,134268,917,898,32587,18195
Budaun,UTTAR PRADESH,83475,75746,56012,45902,907,882,10705,8499
Bulandshahr,UTTAR PRADESH,116923,105903,86408,66727,906,821,18503,14043
Bundi,RAJASTHAN,53299,49524,42642,32840,929,877,8081,5067
Burari,NCT OF DELHI,77767,67817,64125,49063,872,849,11136,6778
Burhanpur,MADHYA PRADESH,108234,102657,80909,68430,948,921,9325,5878
Buxar,BIHAR,54123,48468,42601,33151,896,879,8920,3544
Champdani,WEST BENGAL,59296,51687,46888,34995,872,929,4654,2513
Chandannagar,WEST BENGAL,84257,82692,73393,68179,981,943,17942,12991
Chandausi,UTTAR PRADESH,60238,54016,40323,32192,897,865,8436,7000
Chandigarh,CHANDIGARH,525226,435561,426071,317183,829,860,101491,87821
Chandrapur,MAHARASHTRA,165125,155911,142528,121434,944,906,21317,16369
Chapra,BIHAR,106250,95347,78956,62447,897,906,15710,7142
Chas,JHARKHAND,75027,66591,60459,44958,888,886,10431,4846
Chennai,TAMIL NADU,2357633,2323454,2004498,1845974,986,964,487428,392267
Chhattarpur,MADHYA PRADESH,70586,63040,55244,43910,893,859,12484,8323
Chhindwara,MADHYA PRADESH,70444,67822,59892,52640,963,946,16058,12175
Chikmagalur,KARNATAKA,58859,59637,49742,46844,1013,952,7441,5763
Chilakaluripet,ANDHRA PRADESH,50201,51349,36472,29864,1023,938,6302,3224
Chitradurga,KARNATAKA,70304,69610,58257,53257,990,943,10213,6644
Chittaurgarh,RAJASTHAN,60229,56180,48624,38321,933,882,9875,6958
Chittoor,ANDHRA PRADESH,76566,77200,63681,57413,1008,908,12973,8372
Churu,RAJASTHAN,61771,58075,46055,31696,940,919,5873,2883
Coimbatore,TAMIL NADU,531017,530430,457982,427489,999,963,87123,81022
Cuddalore,TAMIL NADU,85593,87768,72083,67305,1025,955,12022,9550
Cuttack,ORISSA,303530,302477,272257,235931,997,916,66347,43800
Dabgram,WEST BENGAL,60708,57756,42781,34149,951,949,1703,829
Dallo Pura,NCT OF DELHI,81425,73530,62799,48715,903,891,9918,7216
Damoh,MADHYA PRADESH,65133,59846,53052,42991,919,915,9740,6804
Darbhanga,BIHAR,154970,139146,115620,89583,898,905,26731,11874
Darjiling,WEST BENGAL,60114,60300,54710,52532,1003,903,8829,7490
Datia,MADHYA PRADESH,52931,47535,40482,30589,898,864,7960,4757
Davanagere,KARNATAKA,220544,214584,175747,155804,973,946,24921,15819
Deesa,GUJARAT,58724,52425,45479,32740,893,822,3946,1987
Dehradun,UTTARAKHAND,303411,275009,251832,211959,906,873,70607,65429
Dehri,BIHAR,72311,64757,56416,42552,896,920,10297,4483
Delhi,NCT OF DELHI,5871362,5136473,4776490,3806615,875,866,1210040,1011097
Delhi Cantonment,NCT OF DELHI,67703,48649,57144,36827,719,821,9653,7664
Deoghar,JHARKHAND,108243,94873,87540,66267,876,864,19215,7911
Deoli,NCT OF DELHI,91173,78237,72062,51105,858,877,8694,4352
Deoria,UTTAR PRADESH,67754,61816,56719,46083,912,908,15782,9424
Dewas,MADHYA PRADESH,150193,139245,122388,96489,927,901,17581,12267
Dhanbad,JHARKHAND,615589,545972,473787,346221,887,908,69321,35447
Dharmavaram,ANDHRA PRADESH,62186,59806,45025,34012,962,857,5236,2324
Dhaulpur,RAJASTHAN,67740,58402,49087,34318,862,818,7680,4102
Dhule,MAHARASHTRA,193854,182239,160511,138182,940,879,23320,14844
Dibrugarh,ASSAM,72044,66617,60782,53040,925,940,12225,8653
Dimapur,NAGALAND,65017,58760,51604,44042,904,966,7442,5460
Dinapur Nizamat,BIHAR,97129,85112,70786,52413,876,873,13707,6070
Dindigul,TAMIL NADU,102927,104298,88360,82770,1013,960,12660,10667
Dum Dum,WEST BENGAL,61039,56598,54153,49604,927,917,14288,10999
Durg,CHHATTISGARH,136537,132142,113866,96773,968,939,21409,17019
Durgapur,WEST BENGAL,294349,272588,247176,206428,926,946,47809,32251
Eluru,ANDHRA PRADESH,105707,108707,74521,70995,1028,1003,14252,9271
English Bazar,WEST BENGAL,115126,100957,82428,72447,877,781,17393,11590
Erode,TAMIL NADU,78094,78859,66307,60331,1010,972,11114,8501
Etah,UTTAR PRADESH,62966,55666,50001,40288,884,851,13031,8557
Etawah,UTTAR PRADESH,135829,120961,104612,84275,891,863,22962,15442
Faizabad,UTTAR PRADESH,87279,80265,70243,60457,920,903,17077,13581
Faridabad,HARYANA,750446,654207,592024,450144,872,845,123138,96836
Farrukhabad-cum-Fatehgarh,UTTAR PRADESH,145515,130239,101282,81074,895,865,18099,13061
Fatehpur,UTTAR PRADESH,101620,92181,74561,58857,907,863,15061,10015
Firozabad,UTTAR PRADESH,321624,282173,208434,156913,877,893,21265,14880
Firozpur,PUNJAB,58401,51690,43468,35147,885,839,7455,7484
Gadag-Betigeri,KARNATAKA,86165,86648,70035,62059,1006,935,9941,5985
Gandhidham,GUJARAT,132388,116317,104073,77180,879,909,14049,10382
Gandhinagar,GUJARAT,109479,98820,95640,81870,903,809,31129,21214
Ganganagar,RAJASTHAN,120929,103844,95374,71075,859,814,19007,15340
Gangapur City,RAJASTHAN,62910,56135,49231,32901,892,852,6727,3123
Gangawati,KARNATAKA,52678,52676,39027,31603,1000,956,4549,2378
Gaya,BIHAR,245764,217690,194377,152370,886,906,38831,17848
Ghazipur,UTTAR PRADESH,58126,52572,46530,37225,904,873,11418,7422
Giridih,JHARKHAND,59924,54523,46689,38208,910,895,10138,4974
Godhra,GUJARAT,73868,69258,60797,50774,938,920,7571,4482
Gokal Pur,NCT OF DELHI,64935,57003,51785,39119,878,847,9445,6548
Gonda,UTTAR PRADESH,58484,55869,45825,36914,955,898,10185,7027
Gondal,GUJARAT,58417,53647,47112,39027,918,823,6003,4554
Gondiya,MAHARASHTRA,66756,66133,58721,53769,991,929,10175,8388
Gorakhpur,UTTAR PRADESH,353550,317498,290760,232681,898,887,73116,50607
Hyderabad,ANDHRA PRADESH,3500802,3309168,2688111,2359594,945,942,685402,478747
Mumbai,MAHARASHTRA,6736815,5741632,5727774,4509812,852,902,964964,837407
Noida,UTTAR PRADESH,58662,49014,45878,33879,836,823,11844,8947
Gudivada,ANDHRA PRADESH,58941,59348,46529,42480,1007,959,7411,5112
Gulbarga,KARNATAKA,272451,259580,210817,176653,953,917,40331,24708
Guna,MADHYA PRADESH,94645,86333,73169,55294,912,877,13416,8688
Guntakal,ANDHRA PRADESH,62695,63784,47471,38726,1017,942,7398,4228
Guntur,ANDHRA PRADESH,323151,328231,252677,227391,1016,963,58194,36238
Gurgaon,HARYANA,475612,401212,373164,289805,844,846,126456,107361
Guwahati,ASSAM,502255,461174,426401,372325,918,1009,107093,76972
Gwalior,MADHYA PRADESH,560887,492618,452788,347537,878,827,100039,69225
Habra,WEST BENGAL,76510,73165,66495,59305,956,933,8682,5142
Hajipur,BIHAR,78561,68565,57537,43154,873,879,11371,4948
Haldia,WEST BENGAL,104852,95910,88125,71859,915,956,10784,6703
Haldwani-cum-Kathgodam,UTTARAKHAND,81918,74142,60678,50732,905,903,17783,16546
Halisahar,WEST BENGAL,66654,60239,56921,46868,904,923,6680,4122
Hanumangarh,RAJASTHAN,79817,71287,59883,44402,893,848,9978,6892
Haora,WEST BENGAL,560577,511584,477781,411036,913,924,91001,60489
Hapur,UTTAR PRADESH,139694,123107,98394,71931,881,852,16007,12465
Hardoi,UTTAR PRADESH,66752,60138,54470,44747,901,878,17644,11522
Hardwar,UTTARAKHAND,120201,105034,94508,74863,874,873,20223,18612
Hassan,KARNATAKA,66380,67343,55610,53954,1015,944,11784,9258
Hastsal,NCT OF DELHI,95068,81965,75259,54394,862,872,8095,4806
Hathras,UTTAR PRADESH,73376,64133,53918,41606,874,834,10545,8067
Hazaribag,JHARKHAND,74267,68227,61630,52063,919,897,18311,10578
Hindaun,RAJASTHAN,56178,49512,41993,27115,881,852,5291,2673
Hindupur,ANDHRA PRADESH,76625,75210,56177,47361,982,974,6926,4124
Hinganghat,MAHARASHTRA,51881,48535,45728,39871,936,871,6684,4572
Hisar,HARYANA,163338,137911,125172,91806,844,860,27629,21519
Hoshangabad,MADHYA PRADESH,61610,56346,50943,41374,915,868,11072,7908
Hoshiarpur,PUNJAB,88290,80153,72533,62561,908,834,13069,13560
Hospet,KARNATAKA,102923,103236,77678,66098,1003,960,10567,6989
Hosur,TAMIL NADU,59411,57410,48225,43133,966,970,8254,7276
Hubli-Dharwad,KARNATAKA,475980,467877,389290,347216,983,949,67478,46386
Hugli-Chinsurah,WEST BENGAL,88952,88257,78780,73657,992,980,17939,13297
Ichalkaranji,MAHARASHTRA,149691,137879,123878,99874,921,889,13707,8937
Imphal,MANIPUR ,128931,136055,110809,108452,1055,939,33950,29965
Indore,MADHYA PRADESH,1020883,939748,827975,688459,921,886,174270,139255
Jabalpur,MADHYA PRADESH,546561,507775,453820,387579,929,901,92225,77486
Jagadhri,HARYANA,67752,57163,53660,41809,844,822,9805,8933
Jagdalpur,CHHATTISGARH,63910,61435,51905,43398,961,919,9289,6934
Jaipur,RAJASTHAN,1619280,1454070,1282140,990584,898,854,319107,214041
Jalandhar,PUNJAB,458015,404181,363500,302125,882,866,63657,65267
Jalgaon,MAHARASHTRA,241228,219240,198426,165352,909,806,33154,22161
Jalna,MAHARASHTRA,147714,137635,116300,93231,932,886,15360,8599
Jalpaiguri,WEST BENGAL,53749,53602,46484,43971,997,958,11543,8709
Jamalpur,BIHAR,56231,48990,45961,35231,871,867,7165,3473
Jammu,JAMMU & KASHMIR,265346,238344,225410,187956,898,829,65587,55977
Jamnagar,GUJARAT,276202,253106,216330,178589,916,862,29513,22536
Jamshedpur,JHARKHAND,327912,301747,270876,224017,920,887,64276,46686
Jamuria,WEST BENGAL,75574,69397,54399,38753,918,947,3961,1475
Jaunpur,UTTAR PRADESH,88704,79424,68005,55240,895,908,14851,10020
Jehanabad,BIHAR,54868,47588,39889,30163,867,884,6620,2281
Jetpur Navagadh,GUJARAT,62331,56219,49677,39433,902,839,4677,4169
Jhansi,UTTAR PRADESH,268101,239192,214375,167396,892,868,45368,33389
Jhunjhunun,RAJASTHAN,61906,57060,44962,31221,922,864,6482,3921
Jind,HARYANA,88561,77664,71129,52138,877,831,12601,8907
Jodhpur,RAJASTHAN,544057,489861,422120,317891,900,898,84420,56502
Junagadh,GUJARAT,164091,156159,139317,120246,952,868,20964,15946
Kadapa,ANDHRA PRADESH,171797,170026,131847,110693,990,923,27337,14660
Kaithal,HARYANA,76657,67976,59162,44167,887,823,10125,7970
Kakinada,ANDHRA PRADESH,152596,159659,117829,113730,1046,973,29439,18384
Kalol,GUJARAT,59380,52746,49439,39329,888,831,8671,5537
Kalyani,WEST BENGAL,50867,49753,43591,38962,978,955,9775,7682
Kamarhati,WEST BENGAL,174840,161739,147547,128323,925,936,29437,20930
Kancheepuram,TAMIL NADU,81990,82275,69538,62810,1003,973,10805,7820
Kanchrapara,WEST BENGAL,61770,60411,54213,48981,978,936,8265,5543
Kanpur,UTTAR PRADESH,1502370,1264661,1172323,944650,842,853,250241,209370
Kanpur City,UTTAR PRADESH,58505,49530,44086,33398,847,914,6841,5794
Karaikkudi,TAMIL NADU,53425,53368,46114,42266,999,970,6464,5314
Karawal Nagar,NCT OF DELHI,120284,104382,94870,68931,868,837,9446,5032
Karimnagar,ANDHRA PRADESH,131769,129130,110146,94468,980,951,33192,18842
Karnal,HARYANA,151668,135306,121652,99059,892,807,27708,25203
Kasganj,UTTAR PRADESH,53507,47734,38933,30356,892,827,7833,5473
Kashipur,UTTARAKHAND,63625,57985,49030,40403,911,846,10750,9286
Katihar,BIHAR,119142,106840,87581,68125,897,933,17105,7154
Khammam,ANDHRA PRADESH,91019,93233,71580,64952,1024,930,18405,10995
Khandwa,MADHYA PRADESH,102873,97808,82575,71034,951,902,13708,10723
Khanna,PUNJAB,67811,60319,53108,43914,890,828,8279,8488
Kharagpur,WEST BENGAL,106735,100188,89075,74840,939,952,14511,10370
Khardaha,WEST BENGAL,56792,54338,51668,48180,957,932,12228,9294
Khargone,MADHYA PRADESH,54684,51768,42390,34826,947,906,7745,4839
Khora,UTTAR PRADESH,102669,86741,82194,57819,845,854,7313,3169
Khurja,UTTAR PRADESH,58577,52512,37048,27595,896,824,5967,4562
Kirari Suleman Nagar,NCT OF DELHI,152135,130463,113079,78545,858,925,7340,3281
Kishanganj,BIHAR,55688,51388,37482,29804,923,946,5536,2311
Kishangarh,RAJASTHAN,80343,74676,61313,45496,929,876,8153,4901
Kochi,KERALA,296668,304906,265256,270062,1028,953,54538,61235
Kolar,KARNATAKA,70064,68489,54121,48857,978,985,7007,4501
Kolhapur,MAHARASHTRA,280820,268463,244256,215743,956,832,52599,39844
Kolkata,WEST BENGAL,2362662,2124017,1966122,1682088,899,930,461615,356861
Kollam,KERALA,168076,180957,142714,149927,1077,954,17708,21813
Korba,CHHATTISGARH,188514,174696,151701,116199,927,936,23427,15299
Kota,RAJASTHAN,529795,471570,422767,316028,890,876,73452,55200
Kozhikode,KERALA,206494,225603,181451,196582,1093,960,27701,33524
Krishnanagar,WEST BENGAL,76700,75503,66262,62312,984,919,12541,8785
Kulti,WEST BENGAL,163819,150158,123380,91509,917,927,12890,6481
Kumbakonam,TAMIL NADU,69350,70763,60262,57238,1020,985,9458,7404
Kurichi,TAMIL NADU,63033,62767,53578,49238,996,979,6926,6234
Kurnool,ANDHRA PRADESH,211875,213045,158744,138746,1006,935,37618,22971
Lakhimpur,UTTAR PRADESH,81050,70960,63317,51209,876,872,15036,10931
Lalitpur,UTTAR PRADESH,69548,63493,55330,42778,913,925,10255,6758
Latur,MAHARASHTRA,198151,184603,160070,131156,932,850,27669,14686
Loni,UTTAR PRADESH,273859,238437,194048,134048,871,885,10092,5480
Lucknow,UTTAR PRADESH,1470133,1345468,1161250,986314,915,901,326431,270559
Ludhiana,PUNJAB,874773,739105,691161,539057,845,871,104104,107163
Machilipatnam,ANDHRA PRADESH,83561,86447,66337,63836,1035,947,11957,7915
Madanapalle,ANDHRA PRADESH,67432,68237,52994,46492,1012,937,10050,6335
Madavaram,TAMIL NADU,59631,58894,50467,45841,988,957,10179,8346
Madhyamgram,WEST BENGAL,100611,98353,86682,78948,978,963,16352,11232
Madurai,TAMIL NADU,509313,507572,440419,405571,997,956,73889,55830
Mahbubnagar,ANDHRA PRADESH,79423,78479,64187,55439,988,917,18972,11314
Mahesana,GUJARAT,97212,86921,83642,68131,894,762,16287,10904
Maheshtala,WEST BENGAL,231044,218379,179762,155678,945,957,19939,13308
Mainpuri,UTTAR PRADESH,61481,55846,48215,40333,908,849,10865,7880
Malegaon,MAHARASHTRA,239243,231763,181084,162527,969,941,13345,9485
Malerkotla,PUNJAB,71401,63929,47164,36442,895,950,5227,4540
Mandoli,NCT OF DELHI,64123,56222,48535,35518,877,897,4596,2678
Mandsaur,MADHYA PRADESH,72370,69098,59436,49699,955,898,10920,7305
Mandya,KARNATAKA,68748,68987,55442,50496,1003,944,9858,6345
Mangalore,KARNATAKA,240651,244134,211482,205381,1014,930,39002,39095
Mango,JHARKHAND,116243,107759,92914,76634,927,913,17145,11537
Mathura,UTTAR PRADESH,186586,162750,134597,101379,872,859,26068,18289
Maunath Bhanjan,UTTAR PRADESH,143273,135787,102802,84580,948,952,12297,8478
Medinipur,WEST BENGAL,85362,83765,72948,66355,981,979,17243,11255
Meerut,UTTAR PRADESH,689567,619456,499928,389801,898,851,95192,78833
Mira Bhayander,MAHARASHTRA,434330,380325,375671,308494,876,885,65979,52527
Miryalaguda,ANDHRA PRADESH,52048,51807,41697,34996,995,948,8688,4689
Mirzapur-cum-Vindhyachal,UTTAR PRADESH,125003,108688,92423,68705,869,879,16225,9621
Modinagar,UTTAR PRADESH,69179,60982,58282,46101,882,778,13484,11211
Moga,PUNJAB,79760,70672,60698,50066,886,857,8356,9406
Moradabad,UTTAR PRADESH,466432,423378,302447,248190,908,903,48955,43044
Morena,MADHYA PRADESH,108405,92101,83531,56372,850,807,14504,6847
Morvi,GUJARAT,97860,90418,77826,62953,924,862,8441,6754
Motihari,BIHAR,67438,57745,52904,42022,856,836,13634,5916
Mughalsarai,UTTAR PRADESH,57925,52185,45305,34306,901,897,7244,4514
Muktsar,PUNJAB,62005,55080,45007,34972,888,831,5931,5854
Munger,BIHAR,113173,99928,84571,65864,883,910,13825,6163
Murwara,MADHYA PRADESH,115463,106412,94777,77189,922,892,15456,11555
Mustafabad,NCT OF DELHI,66754,60258,47714,34201,903,903,2950,1512
Muzaffarnagar,UTTAR PRADESH,206902,185549,154902,123503,897,844,31729,27236
Muzaffarpur,BIHAR,186145,165693,145548,118090,890,897,40575,21339
Mysore,KARNATAKA,443813,443633,363157,339739,1000,945,85019,64287
Nabadwip,WEST BENGAL,65300,60228,55569,47224,922,938,6492,3591
Nadiad,GUJARAT,112381,105769,94468,80463,941,851,16224,11208
Nagaon,ASSAM,59021,57334,52690,45378,971,1043,8798,6475
Nagapattinam,TAMIL NADU,50809,52029,42374,39539,1024,930,4900,3569
Nagaur,RAJASTHAN,52220,48398,37179,26849,927,876,5384,2428
Nagda,MADHYA PRADESH,51410,48626,40765,31853,946,893,5707,4137
Nagercoil,TAMIL NADU,110132,114197,97545,98203,1037,983,17826,16516
Nagpur,MAHARASHTRA,1226610,1178811,1060359,958239,961,921,201349,180933
Naihati,WEST BENGAL,112773,108989,96626,86832,966,926,13877,9304
Nalgonda,ANDHRA PRADESH,67749,67414,56100,49785,995,959,16916,9659
Nanded Waghala,MAHARASHTRA,286152,264412,231449,190157,924,872,38146,19590
Nandurbar,MAHARASHTRA,57543,53524,46673,38962,930,838,7441,4010
Nandyal,ANDHRA PRADESH,100770,99976,75749,62776,992,920,14540,7871
Nangloi Jat,NCT OF DELHI,110068,95429,85448,62357,867,858,7779,4913
Narasaraopet,ANDHRA PRADESH,58898,57431,45796,38327,975,938,8984,4888
Nashik,MAHARASHTRA,784995,701978,658585,539559,894,856,116855,87159
Navi Mumbai,MAHARASHTRA,611501,507976,519257,392285,831,901,107448,85176
Navi Mumbai Panvel Raigarh,MAHARASHTRA,107771,87228,88833,64775,809,884,13561,9070
Navsari,GUJARAT,82925,77175,69437,59385,931,869,9219,8206
Neemuch,MADHYA PRADESH,67322,60786,54829,42327,903,914,9669,6759
Nellore,ANDHRA PRADESH,257043,248215,205988,181204,966,937,42377,25410
New Delhi,NCT OF DELHI,136438,113560,118453,89899,832,869,35345,28228
Neyveli,TAMIL NADU,53442,52245,47876,42238,978,898,9716,8791
Nizamabad,ANDHRA PRADESH,155163,155304,119603,102226,1001,968,22062,12512
Noida,UTTAR PRADESH,352577,289804,286216,208829,822,877,80692,62322
North Barrackpur,WEST BENGAL,68136,66689,61810,58144,979,918,13155,9892
North Dum Dum,WEST BENGAL,128620,125005,112967,104404,972,949,24007,16835
Ongole,ANDHRA PRADESH,101728,101098,82322,71566,994,935,20610,11881
Orai,UTTAR PRADESH,99564,87621,79478,59778,880,845,18954,10439
Osmanabad,MAHARASHTRA,58098,53987,47577,39464,929,858,9459,4844
Ozhukarai,PUDUCHERRY,148154,151874,126663,117601,1025,959,28317,22365
Palakkad,KERALA,63833,67186,56065,56414,1053,959,8436,8391
Palanpur,GUJARAT,66384,60741,55139,42320,915,841,9802,5325
Pali,RAJASTHAN,120008,109948,92705,64153,916,880,10768,5466
Pallavaram,TAMIL NADU,108381,107927,93828,88373,996,978,27872,22631
Palwal,HARYANA,67887,60044,52028,38909,884,818,9276,6561
Panchkula,HARYANA,111622,98553,90938,74297,883,839,32821,29834
Panihati,WEST BENGAL,193333,190189,171788,161136,984,959,34203,24464
Panipat,HARYANA,157302,136848,122629,95394,870,843,19231,18642
Panvel,MAHARASHTRA,93135,87329,80790,72348,938,901,20964,18649
Parbhani,MAHARASHTRA,157628,149563,123760,101538,949,891,19600,10435
Patan,GUJARAT,65628,59874,55294,43835,912,865,8422,5008
Pathankot,PUNJAB,77833,70524,64673,54810,906,802,11974,12064
Patiala,PUNJAB,215606,189558,174291,141802,879,859,43389,43308
Patna,BIHAR,894158,789042,694580,569943,882,864,199207,108396
Pilibhit,UTTAR PRADESH,68855,61573,48060,40059,894,917,9986,7522
Pimpri Chinchwad,MAHARASHTRA,945953,783406,784984,590002,828,861,141573,108008
Pithampur,MADHYA PRADESH,70577,55522,54030,33387,787,880,3657,1493
Porbandar,GUJARAT,78490,73646,65171,54374,938,870,5671,4182
Port Blair,ANDAMAN & NICOBAR ISLANDS,53247,47361,44908,37000,889,929,6717,5703
Proddatur,ANDHRA PRADESH,81368,81448,63111,51900,1001,940,11844,6307
Puducherry,PUDUCHERRY,118205,123568,100419,95442,1045,993,21086,16744
Pudukkottai,TAMIL NADU,58601,58614,50798,47256,1000,950,8275,6829
Pune,MAHARASHTRA,1602137,1513294,1361257,1195486,945,896,349022,307486
Puri,ORISSA,104267,96759,88504,75977,928,902,16978,10084
Purnia,BIHAR,148021,132526,100735,77646,895,947,19787,8406
Puruliya,WEST BENGAL,62520,58916,50276,40258,942,955,9581,5212
Rae Bareli,UTTAR PRADESH,99844,91212,78519,64344,914,908,20169,14790
Raichur,KARNATAKA,117408,115048,86973,71479,980,955,14425,8020
Raiganj,WEST BENGAL,96589,87093,72475,60740,902,943,10419,6369
Raigarh,CHHATTISGARH,70234,66863,57679,47833,952,919,12214,7947
Raipur,CHHATTISGARH,519286,490801,420155,349438,945,929,84384,62810
Rajahmundry,ANDHRA PRADESH,169786,174117,136288,128365,1026,972,32901,20703
Rajapalayam,TAMIL NADU,64624,65495,54622,48550,1013,956,6514,4510
Rajarhat Gopalpur,WEST BENGAL,205560,199431,175680,161508,970,964,42023,31159
Rajkot,GUJARAT,675731,611264,559369,466671,905,828,78946,69102
Rajnandgaon,CHHATTISGARH,81873,81249,68134,58908,992,943,11324,8316
Rajpur Sonarpur,WEST BENGAL,215983,207823,188374,168780,962,952,40399,28308
Ramagundam,ANDHRA PRADESH,116920,112712,89722,70924,964,897,17266,9943
Rampur,UTTAR PRADESH,169826,155422,95157,79351,915,923,16005,14314
Ranchi,JHARKHAND,559031,514409,459317,382335,920,899,120922,79927
Ranibennur,KARNATAKA,53933,52432,43234,42064,972,934,6122,3625
Raniganj,WEST BENGAL,67150,61474,50250,39043,915,912,6225,3494
Ratlam,MADHYA PRADESH,135007,129803,111921,95821,961,922,20861,15728
Raurkela Industrial Township,ORISSA,109823,100589,90631,73915,916,886,12544,10343
Raurkela Town,ORISSA,144949,128268,119761,94983,885,899,22541,15773
Rewa,MADHYA PRADESH,124634,110788,103599,81692,889,846,25406,15703
Rewari,HARYANA,74689,66175,61933,48272,886,785,12960,9579
Rishra,WEST BENGAL,66767,57818,56155,44426,866,900,9452,5133
Robertson Pet,KARNATAKA,72378,74050,61304,57954,1023,1013,7030,6370
Rohtak,HARYANA,197754,175379,155679,123830,887,793,35890,29991
Roorkee,UTTARAKHAND,63508,54680,53928,42746,861,830,16630,13964
Rudrapur,UTTARAKHAND,74276,66608,51407,37293,897,907,8208,6470
S.A.S. Nagar,PUNJAB,76441,69663,66100,57830,911,886,30110,27213
Sagar,MADHYA PRADESH,142655,130702,119068,98564,916,924,23428,16289
Saharanpur,UTTAR PRADESH,371858,331487,265417,213801,891,882,42772,37977
Saharsa,BIHAR,82589,72586,58689,42736,879,918,13209,5098
Salem,TAMIL NADU,418337,412701,341725,300937,987,955,54325,38972
Sambalpur,ORISSA,94627,88756,76545,64784,938,882,16194,9901
Sambhal,UTTAR PRADESH,116008,105326,51382,41226,908,936,5780,4800
Sangli Miraj Kupwad,MAHARASHTRA,255270,247427,212703,184692,969,872,34112,26640
Santipur,WEST BENGAL,77044,74730,60420,52608,970,976,4725,2488
Sasaram,BIHAR,77687,69709,58900,46478,897,900,13181,5663
Satara,MAHARASHTRA,61075,59004,53241,48079,966,890,12269,10023
Satna,MADHYA PRADESH,147924,132324,120464,94004,895,873,23396,14299
Sawai Madhopur,RAJASTHAN,63223,57775,50438,35034,914,871,8980,4500
Secunderabad,ANDHRA PRADESH,111664,102034,92956,77192,914,958,23836,18656
Sehore,MADHYA PRADESH,56284,52534,44937,37129,933,907,8074,5813
Seoni,MADHYA PRADESH,52354,50023,44862,38970,955,905,9574,6761
Serampore,WEST BENGAL,94514,88825,81592,71868,940,958,17706,12354
Shahjahanpur,UTTAR PRADESH,173133,154842,112011,88793,894,885,18302,15208
Shamli,UTTAR PRADESH,57236,49997,43469,33181,874,798,7245,6098
Shikohabad,UTTAR PRADESH,57017,50283,43030,34030,882,823,9119,6232
Shillong,MEGHALAYA,70028,72979,59420,59893,1042,937,12466,12647
Shimla,HIMACHAL PRADESH,93364,76394,82486,65313,818,890,23822,19531
Shimoga,KARNATAKA,161978,160450,133191,122780,991,961,21835,15628
Shivpuri,MADHYA PRADESH,95227,84745,72107,52534,890,879,13796,8524
Sikar,RAJASTHAN,123156,114423,91403,67010,929,868,13799,6987
Silchar,ASSAM,86812,85897,74082,70173,989,939,12716,9558
Siliguri,WEST BENGAL,261218,248491,209792,184574,951,928,38470,26533
Singrauli,MADHYA PRADESH,117276,103019,87870,59657,878,915,11646,6401
Sirsa,HARYANA,96806,86476,75796,59639,893,806,13473,10980
Sitapur,UTTAR PRADESH,93410,83941,72197,59798,899,877,15740,12263
Siwan,BIHAR,70670,63788,56152,42746,903,868,9727,4818
Solapur,MAHARASHTRA,482194,468924,390335,319845,972,909,54159,34479
Sonipat,HARYANA,147933,129120,121821,93788,873,788,25676,21182
South Dum Dum,WEST BENGAL,206558,203966,183454,172638,987,959,57940,45002
Srikakulam,ANDHRA PRADESH,62583,63420,52029,45875,1013,935,14125,7620
Srinagar,JAMMU & KASHMIR,631916,560876,428915,312526,888,869,75825,59958
Sujangarh,RAJASTHAN,52078,49450,37914,26802,950,894,3664,1620
Sultan Pur Majra,NCT OF DELHI,95816,85808,72458,53099,896,889,4719,2671
Sultanpur,UTTAR PRADESH,56674,51240,46736,38920,904,886,12130,8345
Surat,GUJARAT,2538243,1923759,2082588,1416640,758,813,160566,118229
Surendranagar Dudhrej,GUJARAT,92728,85099,75906,59973,918,863,10540,7018
Suryapet,ANDHRA PRADESH,52138,53112,43143,38223,1019,947,9485,4718
Tadepalligudem,ANDHRA PRADESH,51176,52401,40283,38274,1024,941,7258,4269
Tadpatri,ANDHRA PRADESH,54027,54222,39781,30167,1004,948,5762,2856
Tambaram,TAMIL NADU,90803,86004,79383,71284,947,1019,19571,15577
Tenali,ANDHRA PRADESH,81324,83325,64968,60307,1025,967,13780,8653
Thane,MAHARASHTRA,966293,852579,817828,673724,882,900,129214,111934
Thanesar,HARYANA,83655,71307,67646,51836,852,856,18192,14787
Thanjavur,TAMIL NADU,109291,113328,94696,91947,1037,940,18483,15169
Thiruvananthapuram,KERALA,364657,387833,316614,330865,1064,978,72759,78498
Thoothukkudi,TAMIL NADU,118039,119335,102369,99736,1011,976,16516,15279
Thrissur,KERALA,151999,163597,136694,145644,1076,950,24392,29143
Tiruchirappalli,TAMIL NADU,418128,428787,359975,345517,1025,964,67987,55342
Tirunelveli,TAMIL NADU,234643,240195,201509,190463,1024,954,33536,25861
Tirupati,ANDHRA PRADESH,145977,141058,123449,106281,966,915,34588,20866
Tiruppur,TAMIL NADU,227469,217074,189496,160710,954,957,18431,14927
Tiruvannamalai,TAMIL NADU,72351,72332,55585,50671,1000,960,9655,6847
Tiruvottiyur,TAMIL NADU,124852,123207,103197,94449,987,970,13493,12288
Titagarh,WEST BENGAL,63936,54490,50566,36790,852,888,3898,1745
Tonk,RAJASTHAN,84927,80436,57170,41649,947,883,7537,4239
Tumkur,KARNATAKA,155406,150415,123904,113520,968,947,25617,16546
Udaipur,RAJASTHAN,234681,217054,200051,166547,925,869,51475,40615
Udgir,MAHARASHTRA,54445,49618,43518,34533,911,886,6900,3024
Udupi,KARNATAKA,62031,63319,54690,53351,1021,917,11795,10649
Ujjain,MADHYA PRADESH,265291,249924,214481,176989,942,921,41616,31127
Ulhasnagar,MAHARASHTRA,270373,236564,227975,180984,875,903,23087,20474
Uluberia,WEST BENGAL,114144,108031,86210,73616,946,939,7234,4150
Unnao,UTTAR PRADESH,94080,84601,73411,60607,899,870,15670,11550
Uttarpara Kotrung,WEST BENGAL,82815,79571,71976,65893,961,916,20981,14792
Vadodara,GUJARAT,866701,800002,747280,647672,923,856,153236,126723
Valsad,GUJARAT,58958,56029,51447,46240,950,877,10382,8598
Varanasi,UTTAR PRADESH,636860,564955,477807,381572,887,879,101440,71182
Vasai Virar City,MAHARASHTRA,649535,571698,548138,439778,880,915,70016,59938
Vellore,TAMIL NADU,91464,94431,75321,69871,1032,973,8912,6680
Veraval,GUJARAT,78161,75535,59874,46666,966,900,6246,3843
Vidisha,MADHYA PRADESH,81424,74535,65802,52876,915,913,13177,8846
Vijayawada,ANDHRA PRADESH,524918,523322,411677,377361,997,951,81146,54279
Visakhapatnam,ANDHRA PRADESH,875199,855121,698959,599937,977,959,148824,101725
Vizianagaram,ANDHRA PRADESH,111596,115937,89155,80306,1039,952,19173,11483
Warangal,ANDHRA PRADESH,310400,309716,258111,217136,998,948,69507,40106
Wardha,MAHARASHTRA,53241,52302,46752,43339,982,898,10645,8718
Yamunanagar,HARYANA,115404,101224,92164,74255,877,824,14349,15454
Yavatmal,MAHARASHTRA,58717,57997,50419,46561,988,880,7397,6114
